{"cameraMode":{"drawMode":0,"name":"Shaded","section":"Shading Mode"},"sceneLighting":false,"audioPlay":false,"sceneViewState":{"showFog":true,"showMaterialUpdate":false,"showSkybox":false,"showFlares":true,"showImageEffects":true,"showParticleSystems":true},"in2DMode":false,"pivot":{"x":9.389545440673829,"y":0.09512460231781006,"z":0.24679183959960938},"rotation":{"x":0.0432252511382103,"y":-0.8177086710929871,"z":0.061938490718603137,"w":0.5706561207771301},"size":3.643157958984375,"orthographic":false}