{"cameraMode":{"drawMode":0,"name":"Shaded","section":"Shading Mode"},"sceneLighting":false,"audioPlay":false,"sceneViewState":{"showFog":true,"showMaterialUpdate":false,"showSkybox":false,"showFlares":true,"showImageEffects":true,"showParticleSystems":true},"in2DMode":false,"pivot":{"x":0.020125627517700197,"y":0.21495378017425538,"z":0.2082017958164215},"rotation":{"x":0.1580384075641632,"y":-0.6293666958808899,"z":0.13276764750480653,"w":0.749206006526947},"size":6.026463508605957,"orthographic":false}