{"cameraMode":{"drawMode":0,"name":"Shaded","section":"Shading Mode"},"sceneLighting":false,"audioPlay":false,"sceneViewState":{"showFog":true,"showMaterialUpdate":false,"showSkybox":false,"showFlares":true,"showImageEffects":true,"showParticleSystems":true},"in2DMode":false,"pivot":{"x":0.0032958984375,"y":-0.11517333984375,"z":-0.291748046875},"rotation":{"x":-0.12129895389080048,"y":-0.626137375831604,"z":0.09944029897451401,"w":-0.7637733817100525},"size":0.8051751255989075,"orthographic":true}