{"cameraMode":{"drawMode":0,"name":"Shaded","section":"Shading Mode"},"sceneLighting":false,"audioPlay":false,"sceneViewState":{"showFog":true,"showMaterialUpdate":false,"showSkybox":false,"showFlares":true,"showImageEffects":true,"showParticleSystems":true},"in2DMode":false,"pivot":{"x":0.4916001558303833,"y":1.3610429763793946,"z":1.7843807935714722},"rotation":{"x":0.16624042391777039,"y":0.14615555107593537,"z":-0.024924322962760927,"w":0.9748873710632324},"size":4.040041446685791,"orthographic":false}