{"cameraMode":{"drawMode":0,"name":"Shaded","section":"Shading Mode"},"sceneLighting":false,"audioPlay":false,"sceneViewState":{"showFog":true,"showMaterialUpdate":false,"showSkybox":false,"showFlares":true,"showImageEffects":true,"showParticleSystems":true},"in2DMode":false,"pivot":{"x":0.7995387315750122,"y":1.6308938264846802,"z":2.084317684173584},"rotation":{"x":-0.04938865825533867,"y":-0.19704273343086244,"z":0.009931040927767754,"w":-0.9791064858436585},"size":3.343583822250366,"orthographic":false}