{"cameraMode":{"drawMode":0,"name":"Shaded","section":"Shading Mode"},"sceneLighting":false,"audioPlay":false,"sceneViewState":{"showFog":true,"showMaterialUpdate":false,"showSkybox":false,"showFlares":true,"showImageEffects":true,"showParticleSystems":true},"in2DMode":false,"pivot":{"x":-0.05279541015625,"y":0.26177978515625,"z":0.03914499282836914},"rotation":{"x":-0.1707511991262436,"y":-0.6838629841804504,"z":0.16952858865261079,"w":-0.6887942552566528},"size":0.47094768285751345,"orthographic":true}