{"cameraMode":{"drawMode":0,"name":"Shaded","section":"Shading Mode"},"sceneLighting":false,"audioPlay":false,"sceneViewState":{"showFog":true,"showMaterialUpdate":false,"showSkybox":false,"showFlares":true,"showImageEffects":true,"showParticleSystems":true},"in2DMode":false,"pivot":{"x":0.141210675239563,"y":0.3514423370361328,"z":-0.2611881494522095},"rotation":{"x":0.14995288848876954,"y":0.4514823257923126,"z":-0.07726762443780899,"w":0.8761891722679138},"size":0.6231054067611694,"orthographic":false}