{"cameraMode":{"drawMode":0,"name":"Shaded","section":"Shading Mode"},"sceneLighting":true,"audioPlay":false,"sceneViewState":{"showFog":true,"showMaterialUpdate":false,"showSkybox":false,"showFlares":true,"showImageEffects":true,"showParticleSystems":true},"in2DMode":false,"pivot":{"x":0.37273335456848147,"y":0.1728379726409912,"z":-1.0409529209136963},"rotation":{"x":0.0036558357533067466,"y":0.9193092584609985,"z":-0.39345353841781618,"w":0.008544707670807839},"size":3.696021318435669,"orthographic":false}