{"cameraMode":{"drawMode":0,"name":"Shaded","section":"Shading Mode"},"sceneLighting":false,"audioPlay":false,"sceneViewState":{"showFog":true,"showMaterialUpdate":false,"showSkybox":false,"showFlares":true,"showImageEffects":true,"showParticleSystems":true},"in2DMode":false,"pivot":{"x":0.002847135066986084,"y":0.57489413022995,"z":0.18575933575630189},"rotation":{"x":-0.18160030245780946,"y":-0.30605581402778628,"z":0.059590019285678866,"w":-0.9326348304748535},"size":2.2543137073516847,"orthographic":false}